﻿<?xml version="1.0" encoding="utf-8"?>
<Defs>
  <TraderKindDef>
    <defName>Orbital_Ascension</defName>
    <label>Ascension Trader</label>
    <orbital>true</orbital>
    <stockGenerators>
      <!-- Resources -->
      <li Class="StockGenerator_SingleDef">
        <thingDef>GoldenPillTI</thingDef>
        <countRange>3~8</countRange>
      </li>
      <li Class="StockGenerator_SingleDef">
        <thingDef>GoldenPillTII</thingDef>
        <countRange>2~4</countRange>
      </li>
      <li Class="StockGenerator_SingleDef">
        <thingDef>GoldenPillTIII</thingDef>
        <countRange>1~3</countRange>
      </li>
      <li Class="StockGenerator_SingleDef">
        <thingDef>GoldenPillTIV</thingDef>
        <countRange>0~2</countRange>
      </li>
      <li Class="StockGenerator_SingleDef">
        <thingDef>Soulferium</thingDef>
        <countRange>6~24</countRange>
      </li>
      <li Class="StockGenerator_SingleDef">
        <thingDef>GodSpeed</thingDef>
        <countRange>10~40</countRange>
      </li>
      <li Class="StockGenerator_SingleDef">
        <thingDef>SoulShard</thingDef>
        <countRange>6~99</countRange>
      </li>
	  <li Class="StockGenerator_SingleDef">
        <thingDef>Soulfuel</thingDef>
        <countRange>1~200</countRange>
      </li>
	  <li Class="StockGenerator_SingleDef">
        <thingDef>AscensionPill</thingDef>
        <countRange>0~1</countRange>
      </li>
	  <li Class="StockGenerator_SingleDef">
        <thingDef>SoulMould</thingDef>
        <countRange>0~1</countRange>
      </li>
    </stockGenerators>
  </TraderKindDef>

</Defs>
