﻿<?xml version="1.0" encoding="utf-8"?>
<Defs>

  <TraderKindDef>
    <defName>Orbital_CombatSupplier</defName>
    <label>combat supplier</label>
    <orbital>true</orbital>
    <stockGenerators>

      <!-- Resources -->
      <li Class="StockGenerator_SingleDef">
        <thingDef>Silver</thingDef>
        <countRange>2000~4000</countRange>
      </li>
      <li Class="StockGenerator_SingleDef">
        <thingDef>ComponentIndustrial</thingDef>
        <countRange>5~10</countRange>
      </li>
      <li Class="StockGenerator_SingleDef">
        <thingDef>MedicineIndustrial</thingDef>
        <countRange>30~50</countRange>
      </li>
      <li Class="StockGenerator_ReinforcedBarrels">
        <countRange>5~10</countRange>
      </li>
      
      <!-- Drugs -->
      <li Class="StockGenerator_Category">
        <categoryDef>Drugs</categoryDef>
      </li>
      
      <!-- Techprints -->
      <li Class="StockGenerator_Techprints">
        <countChances>
          <li>
            <count>1</count>
            <chance>1</chance>
          </li>
        </countChances>
      </li>
      
      <!-- Weapons -->
      <li Class="StockGenerator_MarketValue">
        <tradeTag>WeaponRanged</tradeTag>
        <countRange>10~14</countRange>
      </li>
      <li Class="StockGenerator_Category">
        <categoryDef>WeaponsMelee</categoryDef>
        <thingDefCountRange>5~6</thingDefCountRange>
        <countRange>2~3</countRange>
      </li>
      <li Class="StockGenerator_Tag">
        <tradeTag>MortarShell</tradeTag>
        <thingDefCountRange>1~2</thingDefCountRange>
        <countRange>20~40</countRange>
      </li>
      
      <!-- Apparel -->
      <li Class="StockGenerator_MarketValue">
        <tradeTag>Armor</tradeTag>
        <countRange>8~10</countRange>
      </li>
      
      <!-- Implants -->
      <!-- none -->
      
      <!-- Buildings -->
      <!-- none -->
      
      <!-- Exotic -->
      <!-- none -->

      <!-- Genepacks -->
      <li MayRequire="Ludeon.RimWorld.Biotech" Class="StockGenerator_SingleDef">
        <thingDef>Genepack</thingDef>
        <countRange>1~2</countRange>
      </li>
      
      <!-- Slaves -->
      <!-- none -->
      
      <!-- Animals -->
      <!-- none -->
      
      <!-- Buying -->
      <li Class="StockGenerator_BuyExpensiveSimple" />
      <li Class="StockGenerator_BuyTradeTag"><tag>Art</tag></li>
      <li Class="StockGenerator_BuyTradeTag"><tag>MusicalInstrument</tag></li>
      
    </stockGenerators>
  </TraderKindDef>

  <!--======================================================================================-->

  <TraderKindDef>
    <defName>Orbital_Exotic</defName>
    <label>exotic goods trader</label>
    <orbital>true</orbital>
    <stockGenerators>

      <!-- Resources -->
      <li Class="StockGenerator_SingleDef">
        <thingDef>Silver</thingDef>
        <countRange>2000~4000</countRange>
      </li>
      <li Class="StockGenerator_SingleDef">
        <thingDef>ComponentIndustrial</thingDef>
        <countRange>5~30</countRange>
      </li>
      <li Class="StockGenerator_SingleDef">
        <thingDef>ComponentSpacer</thingDef>
        <countRange>3~8</countRange>
      </li>
      <li Class="StockGenerator_SingleDef">
        <thingDef>Gold</thingDef>
        <countRange>200~400</countRange>
      </li>
      <li Class="StockGenerator_SingleDef">
        <thingDef>Plasteel</thingDef>
        <countRange>100~400</countRange>
      </li>
      <li Class="StockGenerator_SingleDef">
        <thingDef>MedicineUltratech</thingDef>
        <countRange>5~30</countRange>
      </li>
      <li Class="StockGenerator_SingleDef">
        <thingDef>Neutroamine</thingDef>
        <countRange>100~500</countRange>
      </li>
      <li Class="StockGenerator_MultiDef">
        <thingDefs>
          <li>Chocolate</li>
        </thingDefs>
      </li>
      
      <!-- Drugs -->
      <li Class="StockGenerator_Category">
        <categoryDef>Drugs</categoryDef>
        <thingDefCountRange>3~4</thingDefCountRange>
        <totalPriceRange>2000~3000</totalPriceRange>
      </li>
      
      <!-- Techprints -->
      <li Class="StockGenerator_Techprints">
        <countChances>
          <li>
            <count>3</count>
            <chance>1</chance>
          </li>
        </countChances>
      </li>
      
      <!-- Weapons -->
      <!-- none -->
      
      <!-- Apparel -->
      <!-- none -->
      
      <!-- Implants -->
      <li Class="StockGenerator_Tag">
        <tradeTag>TechHediff</tradeTag>
        <thingDefCountRange>3~5</thingDefCountRange>
        <countRange>1~1</countRange>
      </li>
      
      <!-- Buildings -->
      <li Class="StockGenerator_Tag">
        <tradeTag>Television</tradeTag>
        <thingDefCountRange>1~3</thingDefCountRange>
        <countRange>1~1</countRange>
      </li>
      <li Class="StockGenerator_SingleDef">
        <thingDef>Telescope</thingDef>
        <countRange>1~1</countRange>
      </li>
      <li Class="StockGenerator_MarketValue">
        <tradeTag>Art</tradeTag>
        <countRange>4~8</countRange>
      </li>
      
      <!-- Exotic -->
      <li Class="StockGenerator_Tag">
        <tradeTag>ExoticMisc</tradeTag>
        <thingDefCountRange>3~5</thingDefCountRange>
        <countRange>1~2</countRange>
        <excludedThingDefs>
          <li>Luciferium</li> <!-- already handled by drugs -->
          <li>MedicineUltratech</li> <!-- already handled by single def -->
          <li>ComponentSpacer</li> <!-- already handled by single def -->
        </excludedThingDefs>
        <customCountRanges>
          <Hyperweave>50~200</Hyperweave>
        </customCountRanges>
      </li>
      <li Class="StockGenerator_Tag">
        <tradeTag>Artifact</tradeTag>
        <thingDefCountRange>2~4</thingDefCountRange>
        <countRange>1~1</countRange>
      </li>

      <!-- Genepacks -->
      <li MayRequire="Ludeon.RimWorld.Biotech" Class="StockGenerator_SingleDef">
        <thingDef>Genepack</thingDef>
        <countRange>2~3</countRange>
      </li>

      <!-- Archite capsules -->
      <li MayRequire="Ludeon.RimWorld.Biotech" Class="StockGenerator_SingleDef">
        <thingDef>ArchiteCapsule</thingDef>
        <countRange>1~2</countRange>
      </li>

      <!-- Deathrest capacity serum -->
      <li MayRequire="Ludeon.RimWorld.Biotech" Class="StockGenerator_SingleDef">
        <thingDef>DeathrestCapacitySerum</thingDef>
        <countRange>1</countRange>
      </li>
      
      <!-- Slaves -->
      <!-- none -->
      
      <!-- Animals -->
      <li Class="StockGenerator_Animals">
        <checkTemperature>false</checkTemperature>
        <tradeTagsSell>
          <li>AnimalUncommon</li>
          <li>AnimalFighter</li>
          <li>AnimalFarm</li>
        </tradeTagsSell>
        <tradeTagsBuy>
          <li>AnimalExotic</li>
        </tradeTagsBuy>
        <kindCountRange>1~2</kindCountRange>
        <countRange>2~3</countRange>
        <createMatingPair>
          <li>AnimalFarm</li>
        </createMatingPair>
      </li>
      
      <!-- Buying -->
      <li Class="StockGenerator_BuyExpensiveSimple" />
      <li Class="StockGenerator_BuyTradeTag"><tag>Art</tag></li>
      <li Class="StockGenerator_BuyTradeTag"><tag>ImplantEmpireCommon</tag></li>
      <li Class="StockGenerator_BuyTradeTag"><tag>ImplantEmpireRoyal</tag></li>
      <li Class="StockGenerator_BuyTradeTag"><tag>PsylinkNeuroformer</tag></li>
      <li Class="StockGenerator_BuyTradeTag"><tag>ExoticBuilding</tag></li>
      <li Class="StockGenerator_BuyTradeTag"><tag>MusicalInstrument</tag></li>
      
    </stockGenerators>
  </TraderKindDef>

  <!--======================================================================================-->

  <TraderKindDef>
    <defName>Orbital_PirateMerchant</defName>
    <label>slave ship</label>
    <orbital>true</orbital>
    <requestable>false</requestable>
    <category>Slaver</category>
    <commonalityMultFromPopulationIntent>
      <points>
        <li>(0.2, 0)</li>
        <li>(1,   1)</li>
        <li>(2,   3)</li>
      </points>
    </commonalityMultFromPopulationIntent>
    <stockGenerators>

      <!-- Resources -->
      <li Class="StockGenerator_SingleDef">
        <thingDef>Silver</thingDef>
        <countRange>2000~4000</countRange>
      </li>
      <li Class="StockGenerator_SingleDef">
        <thingDef>ComponentIndustrial</thingDef>
        <countRange>5~10</countRange>
      </li>
      <li Class="StockGenerator_SingleDef">
        <thingDef>Beer</thingDef>
        <totalPriceRange>-300~300</totalPriceRange>
      </li>
      <li Class="StockGenerator_SingleDef">
        <thingDef>MedicineIndustrial</thingDef>
        <countRange>5~15</countRange>
      </li>
      <li Class="StockGenerator_SingleDef">
        <thingDef>Neutroamine</thingDef>
        <countRange>100~400</countRange>
      </li>
      <li Class="StockGenerator_SingleDef">
        <thingDef>Chemfuel</thingDef>
        <countRange>50~200</countRange>
      </li>
      <li Class="StockGenerator_SingleDef">
        <thingDef>Chocolate</thingDef>
        <countRange>50~200</countRange>
      </li>
      
      <!-- Drugs -->
      <li Class="StockGenerator_Category">
        <categoryDef>Drugs</categoryDef>
        <thingDefCountRange>3~6</thingDefCountRange>
        <totalPriceRange>2000~3000</totalPriceRange>
      </li>
      
      <!-- Techprints -->
      <!-- none -->
      
      <!-- Weapons -->
      <li Class="StockGenerator_MarketValue">
        <tradeTag>WeaponRanged</tradeTag>
        <countRange>-1~2</countRange>
      </li>
      
      <!-- Apparel -->
      <li Class="StockGenerator_MarketValue">
        <tradeTag>Armor</tradeTag>
        <countRange>-2~2</countRange>
      </li>
      
      <!-- Implants -->
      <li Class="StockGenerator_Tag">
        <tradeTag>TechHediff</tradeTag>
        <thingDefCountRange>-4~5</thingDefCountRange>
        <countRange>1~1</countRange>
      </li>
      
      <!-- Buildings -->
      <!-- none -->
      
      <!-- Exotic -->
      <li Class="StockGenerator_Tag">
        <tradeTag>Artifact</tradeTag>
        <thingDefCountRange>-5~1</thingDefCountRange>
        <countRange>1~1</countRange>
      </li>

      <!-- Genepacks -->
      <li MayRequire="Ludeon.RimWorld.Biotech" Class="StockGenerator_SingleDef">
        <thingDef>Genepack</thingDef>
        <countRange>1~2</countRange>
      </li>
      
      <!-- Slaves -->
      <li Class="StockGenerator_Slaves">
        <countRange>2~4</countRange>
      </li>
      
      <!-- Animals -->
      <li Class="StockGenerator_Animals">
        <checkTemperature>false</checkTemperature>
        <tradeTagsSell>
          <li>AnimalFighter</li>
        </tradeTagsSell>
        <tradeTagsBuy>
          <li>AnimalUncommon</li>
          <li>AnimalExotic</li>
        </tradeTagsBuy>
        <kindCountRange>1~2</kindCountRange>
        <countRange>1~3</countRange>
      </li>
      
      <!-- Buying -->
      <li Class="StockGenerator_BuyExpensiveSimple" />
      <li Class="StockGenerator_BuyTradeTag"><tag>Art</tag></li>
      <li Class="StockGenerator_BuyTradeTag"><tag>ImplantEmpireCommon</tag></li>
      <li Class="StockGenerator_BuyTradeTag"><tag>ImplantEmpireRoyal</tag></li>
      <li Class="StockGenerator_BuyTradeTag"><tag>PsylinkNeuroformer</tag></li>
      <li Class="StockGenerator_BuyTradeTag"><tag>MusicalInstrument</tag></li>

    </stockGenerators>
  </TraderKindDef>

</Defs>
