﻿<?xml version="1.0" encoding="utf-8" ?>
<Defs>

  <ThingDef ParentName="DrugPillBase">
    <defName>AscendantPotionOfKnowledge</defName>
    <label>Ascendant Potion Of Knowledge</label>
    <description>This potion grants the user instant ascendancy into a Scholar of Knowledge.</description>
    <graphicData>
      <texPath>Things/Item/Drug/AscendantPotionOfKnowledge</texPath>
      <graphicClass>Graphic_Single</graphicClass>
    </graphicData>
    <rotatable>false</rotatable>
    <statBases>
      <MarketValue>77777</MarketValue>
      <Mass>0.1</Mass>
    </statBases>
    <techLevel>Ultra</techLevel>
    <minRewardCount>3</minRewardCount>
    <ingestible>
      <drugCategory>Medical</drugCategory>
      <outcomeDoers>
        <li Class="IngestionOutcomeDoer_GiveHediff">
          <hediffDef>AscensionOfKnowledge</hediffDef>
          <severity>1.00</severity>
          <doToGeneratedPawnIfAddicted>true</doToGeneratedPawnIfAddicted>
        </li>
      </outcomeDoers>
    </ingestible>
	<comps>
	  <li Class="CompProperties_Glower">
	  	<glowRadius>3</glowRadius>
	  	<glowColor>(0, 242, 255)</glowColor>
	  </li>
      <li Class="CompProperties_Drug">
        <listOrder>1010</listOrder>
      </li>
    </comps>
    <tradeTags>
      <li>ExoticMisc</li>
    </tradeTags>
	<tradeability>Sellable</tradeability>
    <thingSetMakerTags><li>RewardStandardHighFreq</li></thingSetMakerTags>
    <allowedArchonexusCount>1</allowedArchonexusCount>
  </ThingDef>

</Defs>
