﻿<?xml version="1.0" encoding="utf-8" ?>
<Defs>

    <!--
      Gold market value = 10
	  soul shard market value = 1.7
	  chemfuel value is 2.3
	  
      -->
  <ThingDef ParentName="ResourceBase">
    <defName>SoulShard</defName>
    <label>Soul Shard</label>
    <description>A shard of a beings soul.</description>
    <graphicData>
      <texPath>Things/Item/Resource/SoulShard</texPath>
      <graphicClass>Graphic_Single</graphicClass>
    </graphicData>
    <soundInteract>Metal_Drop</soundInteract>
    <soundDrop>Standard_Drop</soundDrop>
    <stackLimit>9999</stackLimit>
    <healthAffectsPrice>false</healthAffectsPrice>
    <statBases>
      <MaxHitPoints>777</MaxHitPoints>
      <MarketValue>1.7</MarketValue>
      <Mass>0.21</Mass>
      <Flammability>0.0</Flammability>
      <DeteriorationRate>0.0</DeteriorationRate>
    </statBases>
    <intricate>true</intricate>
    <thingCategories>
      <li>Manufactured</li>
    </thingCategories>
    <tradeTags>
      <li>ExoticMisc</li>
    </tradeTags>
    <thingSetMakerTags><li>RewardStandardHighFreq</li></thingSetMakerTags>
    <allowedArchonexusCount>25</allowedArchonexusCount>
  </ThingDef>
  
    <ThingDef ParentName="ResourceBase">
    <defName>DaoEnergy</defName>
    <label>Dao Energy</label>
    <description>The spiritual Dao Energy in its physical form.</description>
    <graphicData>
      <texPath>Things/Item/Resource/DaoEnergy</texPath>
      <graphicClass>Graphic_Single</graphicClass>
    </graphicData>
    <soundInteract>Metal_Drop</soundInteract>
    <soundDrop>Standard_Drop</soundDrop>
    <stackLimit>7777</stackLimit>
    <healthAffectsPrice>false</healthAffectsPrice>
    <statBases>
      <MaxHitPoints>777</MaxHitPoints>
      <MarketValue>77</MarketValue>
      <Mass>0.07</Mass>
      <Flammability>0.0</Flammability>
      <DeteriorationRate>0.0</DeteriorationRate>
    </statBases>
    <intricate>true</intricate>
    <thingCategories>
      <li>ResourcesRaw</li>
    </thingCategories>
    <tradeTags>
      <li>ExoticMisc</li>
    </tradeTags>
    <thingSetMakerTags><li>RewardStandardHighFreq</li></thingSetMakerTags>
    <allowedArchonexusCount>25</allowedArchonexusCount>
  </ThingDef>
  
  <ThingDef ParentName="ResourceBase">
    <defName>SoulMould</defName>
    <label>Soul Mould</label>
    <description>A appropriate replacement for a dead beings soul used to bring them back to life, or to create new life. Composed of hundreds of soul shards to serve as both a matrix and a guide to its formation.</description>
	<thingClass>ThingWithComps</thingClass>
    <resourceReadoutPriority>Middle</resourceReadoutPriority>
    <useHitPoints>true</useHitPoints>
	<graphicData>
      <texPath>Things/Item/Resource/SoulMould</texPath>
      <graphicClass>Graphic_Single</graphicClass>
    </graphicData>
    <stackLimit>10</stackLimit>
    <statBases>
      <MarketValue>1320.9</MarketValue>
	  <MaxHitPoints>777</MaxHitPoints>
      <Mass>0.1</Mass>
      <Flammability>0.0</Flammability>
      <DeteriorationRate>0.0</DeteriorationRate>
    </statBases>
	  <techLevel>Ultra</techLevel>
    <tradeTags>
      <li>ExoticMisc</li>
    </tradeTags>
    <thingCategories>
      <li>Manufactured</li>
    </thingCategories>
    <tradeability>All</tradeability>
    <thingSetMakerTags>
      <li>RewardStandardLowFreq</li>
    </thingSetMakerTags>
    <comps>
      <li Class="CompProperties_Usable">
        <useJob>UseItem</useJob>
        <useLabel>Use {0_label}</useLabel><!-- text_todo -->
        <useDuration>0</useDuration>
        <warmupMote>Mote_ResurrectAbility</warmupMote>
      </li>
      <li Class="CompProperties_Targetable">
        <compClass>CompTargetable_SingleCorpse</compClass>
        <fleshCorpsesOnly>true</fleshCorpsesOnly>
        <nonDessicatedCorpsesOnly>true</nonDessicatedCorpsesOnly>
      </li>
      <li Class="CompProperties_TargetEffectResurrect">
        <moteDef>Mote_ResurrectFlash</moteDef>
      </li>
    </comps>
    <allowedArchonexusCount>2</allowedArchonexusCount>
  </ThingDef>



  <ThingDef ParentName="ResourceBase">
    <defName>Soulfuel</defName>
    <label>Soulfuel</label>
    <description>A extremley volatile liquid "chemical" made from souls. Used to blow things up, highly unstable and flammable.</description>
    <tickerType>Normal</tickerType>
    <graphicData>
      <texPath>Things/Item/Resource/Soulfuel</texPath>
      <graphicClass>Graphic_Single</graphicClass>
      <drawSize>0.85</drawSize>
    </graphicData>
    <stackLimit>2500</stackLimit>
    <healthAffectsPrice>false</healthAffectsPrice>
    <statBases>
      <MaxHitPoints>120</MaxHitPoints>
      <MarketValue>28.1</MarketValue>
      <Mass>0.01</Mass>
      <Flammability>20.0</Flammability>
      <DeteriorationRate>1.0</DeteriorationRate>
    </statBases>
    <thingCategories>
      <li>Manufactured</li>
    </thingCategories>
    <comps>
      <li Class="CompProperties_Explosive">
        <explosiveRadius>10.1</explosiveRadius>
        <explosiveDamageType>Flame</explosiveDamageType>
        <explosiveExpandPerStackcount>0.99</explosiveExpandPerStackcount>
        <startWickOnDamageTaken>
          <li>Flame</li>
        </startWickOnDamageTaken>
        <startWickHitPointsPercent>0.4</startWickHitPointsPercent>
        <preExplosionSpawnThingDef>Filth_Fuel</preExplosionSpawnThingDef>
        <preExplosionSpawnChance>1</preExplosionSpawnChance>
        <wickTicks>10~200</wickTicks>
      </li>
    </comps>
    <allowedArchonexusCount>200</allowedArchonexusCount>
  </ThingDef>
  
</Defs>
