<?xml version="1.0" encoding="utf-8" ?>
<Defs>
  <TraitDef>
    <defName>DestructionAttunedSpiritCore</defName>
    <commonality>0.07</commonality>
    <degreeDatas>
      <li>
        <label>Destruction Attuned Spirit Core</label>
        <description>{PAWN_nameDef} has a Spirit Core that is attuned towards destructive properties. {PAWN_pronoun} is naturally extremley gifted and skillfull in the arts of combat and destruction.</description>
        <marketValueFactorOffset>0.4</marketValueFactorOffset>
        <allowedMeditationFocusTypes><li>Morbid</li></allowedMeditationFocusTypes>
		<skillGains>
          <li>
            <key>Melee</key>
            <value>13</value>
          </li>
          <li>
            <key>Shooting</key>
            <value>13</value>
          </li>
		  <li>
            <key>Mining</key>
            <value>13</value>
          </li>
        </skillGains>
		<statOffsets>
		  <MentalBreakThreshold>-0.4</MentalBreakThreshold>
          <MoveSpeed>0.4</MoveSpeed>
		  <MeleeHitChance>40</MeleeHitChance>
		  <MeleeDodgeChance>75</MeleeDodgeChance>
		  <ImmunityGainSpeed>0.5</ImmunityGainSpeed>
		  <AimingDelayFactor>-0.9</AimingDelayFactor>
		  <ShootingAccuracyPawn>5</ShootingAccuracyPawn>
        </statOffsets>
		<disallowedThoughtsFromIngestion>
          <li>
            <thoughts>
              <li>AteRawFood</li>
              <li>AteHumanlikeMeatDirect</li>
              <li>AteHumanlikeMeatAsIngredient</li>
            </thoughts>
          </li>
        </disallowedThoughtsFromIngestion>
      </li>
    </degreeDatas>
    <requiredWorkTags>
      <li>Violent</li>
    </requiredWorkTags>
	<conflictingTraits>
      <li>CreationAttunedSpiritCore</li>
      <li>Kind</li>
    </conflictingTraits>
  </TraitDef>

  <TraitDef>
    <defName>CreationAttunedSpiritCore</defName>
    <commonality>0.07</commonality>
    <degreeDatas>
      <li>
        <label>Creation Attuned Spirit Core</label>
        <description>{PAWN_nameDef} has a Spirit Core that is attuned towards creative properties. {PAWN_pronoun} is naturally extremley gifted in the arts of creation and research.</description>
        <marketValueFactorOffset>0.4</marketValueFactorOffset>
		<skillGains>
          <li>
            <key>Crafting</key>
            <value>14</value>
          </li>
          <li>
            <key>Construction</key>
            <value>14</value>
          </li>
		  <li>
            <key>Intellectual</key>
            <value>14</value>
          </li>
		  <li>
            <key>Medicine</key>
            <value>8</value>
          </li>
		  <li>
            <key>Artistic</key>
            <value>8</value>
          </li>
		  <li>
            <key>Cooking</key>
            <value>8</value>
          </li>
		  <li>
            <key>Plants</key>
            <value>8</value>
          </li>
		  <li>
            <key>Animals</key>
            <value>8</value>
          </li>
		  <li>
            <key>Social</key>
            <value>8</value>
          </li>
        </skillGains>
		<statOffsets>
		  <MoveSpeed>3</MoveSpeed>
          <GlobalLearningFactor>4</GlobalLearningFactor>
		  <WorkSpeedGlobal>4</WorkSpeedGlobal>
		  <MentalBreakThreshold>-0.7</MentalBreakThreshold>
		  <RestRateMultiplier>2</RestRateMultiplier>
		  <ImmunityGainSpeed>0.7</ImmunityGainSpeed>
        </statOffsets>
      </li>
    </degreeDatas>
    <conflictingTraits>
      <li>DestructionAttunedSpiritCore</li>
      <li>Psychopath</li>
    </conflictingTraits>
  </TraitDef>

  <TraitDef>
    <defName>AngelicSpiritCore</defName>
    <commonality>0.005</commonality>
    <degreeDatas>
      <li>
        <label>Angelic Spirit Core</label>
        <description>{PAWN_nameDef} has a Spirit Core that has Angelic properties. {PAWN_pronoun} is blessed by the angelic wispers resonating from within thier spirit granting {PAWN_objective} innate life nurturing skills, and high social impact.</description>
        <marketValueFactorOffset>2</marketValueFactorOffset>
		<skillGains>
		  <li>
            <key>Medicine</key>
            <value>17</value>
          </li>
		  <li>
            <key>Plants</key>
            <value>17</value>
          </li>
		  <li>
            <key>Animals</key>
            <value>17</value>
          </li>
		  <li>
            <key>Social</key>
            <value>17</value>
          </li>
        </skillGains>
		<statOffsets>
		  <MeleeDodgeChance>97</MeleeDodgeChance>
		  <MentalBreakThreshold>-0.9</MentalBreakThreshold>
		  <MoveSpeed>4</MoveSpeed>
		  <RestRateMultiplier>2</RestRateMultiplier>
		  <ImmunityGainSpeed>2</ImmunityGainSpeed>
        </statOffsets>
      </li>
    </degreeDatas>
    <conflictingTraits>
      <li>DestructionAttunedSpiritCore</li>
      <li>Psychopath</li>
    </conflictingTraits>
  </TraitDef>

  <TraitDef>
    <defName>DemonicSpiritCore</defName>
    <commonality>0.02</commonality>
    <degreeDatas>
      <li>
        <label>Demonic Spirit Core</label>
        <description>{PAWN_nameDef} has a Spirit Core that is attuned towards demonic properties. {PAWN_pronoun} will often cave into the demands of the demonic voices from within their spirit and attempt to kill those around them, but in turn is granted god-like combat abilities, even greater than that of a destructive spirit core.</description>
        <socialFightChanceFactor>6</socialFightChanceFactor>
		<allowedMeditationFocusTypes><li>Morbid</li></allowedMeditationFocusTypes>
		<marketValueFactorOffset>0.66</marketValueFactorOffset>
		<theOnlyAllowedMentalBreaks>
          <li>MurderousRage</li>
		  <li>Berserk</li>
        </theOnlyAllowedMentalBreaks>
        <randomMentalState>Berserk</randomMentalState>
        <randomMentalStateMtbDaysMoodCurve>
          <points>
            <li>(0, 50)</li>
          </points>
        </randomMentalStateMtbDaysMoodCurve>
		<skillGains>
          <li>
            <key>Melee</key>
            <value>20</value>
          </li>
          <li>
            <key>Shooting</key>
            <value>20</value>
          </li>
		  <li>
            <key>Mining</key>
            <value>16</value>
          </li>
        </skillGains>
		<statOffsets>
          <MoveSpeed>0.6</MoveSpeed>
		  <MeleeHitChance>66</MeleeHitChance>
		  <MeleeDodgeChance>90</MeleeDodgeChance>
		  <ImmunityGainSpeed>0.6</ImmunityGainSpeed>
		  <AimingDelayFactor>-0.95</AimingDelayFactor>
		  <ShootingAccuracyPawn>6</ShootingAccuracyPawn>
        </statOffsets>
		<disallowedThoughtsFromIngestion>
          <li>
            <thoughts>
              <li>AteRawFood</li>
              <li>AteHumanlikeMeatDirect</li>
              <li>AteHumanlikeMeatAsIngredient</li>
            </thoughts>
          </li>
        </disallowedThoughtsFromIngestion>
        <extraThoughtsFromIngestion>
          <li>
            <meatSource>Humanlike</meatSource>
            <thoughtsDirect>
              <li>AteHumanlikeMeatDirectCannibal</li>
            </thoughtsDirect>
            <thoughtsAsIngredient>
              <li>AteHumanlikeMeatAsIngredientCannibal</li>
            </thoughtsAsIngredient>
          </li>
        </extraThoughtsFromIngestion>
      </li>
    </degreeDatas>
	<requiredWorkTags>
      <li>Violent</li>
    </requiredWorkTags>
	<conflictingTraits>
      <li>CreationAttunedSpiritCore</li>
	  <li>DestructionAttunedSpiritCore</li>
      <li>Kind</li>
    </conflictingTraits>
  </TraitDef>
</Defs>
