<?xml version="1.0" encoding="utf-8"?>
<ModMetaData>
    <name>Ascension</name>
    <author>Anobis Soooks, Sky, JongoChomp.</author>
    <url>www.google.com</url>
    <packageId>anobis.epicmods.ascension</packageId>
    <supportedVersions>
		<li>1.3</li>
		<li>1.4</li>
    </supportedVersions>

    <description>Powerful power stuff to make pawns power-full power people. 
	Ascend into a higher form!
    </description>

    <modDependencies>
    <!-- Using hugslib as an example here. -->
        <li>
            <packageId>UnlimitedHugs.HugsLib</packageId>
            <displayName>HugsLib</displayName>
            <downloadUrl>https://github.com/UnlimitedHugs/RimworldHugsLib/releases/latest</downloadUrl>
            <steamWorkshopUrl>steam://url/CommunityFilePage/818773962</steamWorkshopUrl>
			
        </li>
	<li>
            <packageId>Grimm.Unlimited</packageId>
            <displayName>Unlimited</displayName>
            <downloadUrl>https://github.com/Alexis-Grimm/Un-Limited/releases/latest</downloadUrl>
            <steamWorkshopUrl>steam://url/CommunityFilePage/1668141382</steamWorkshopUrl>
        </li>
    </modDependencies>
    <modDependenciesByVersion>
        <v1.4>
            <li>
		<packageId>brrainz.harmony</packageId>
		<displayName>Harmony</displayName>
		<steamWorkshopUrl>steam://url/CommunityFilePage/2009463077</steamWorkshopUrl>
		<downloadUrl>https://github.com/pardeike/HarmonyRimWorld/releases/latest</downloadUrl>
            </li>
        </v1.4>
    </modDependenciesByVersion>

    <loadAfter>
        <li>brrainz.harmony</li>
		<li>UnlimitedHugs.HugsLib</li>
		<li>imranfish.xmlextensions</li>
		<li>Grimm.Unlimited</li>
		<li>Ducks.InsaneSkills</li>
    </loadAfter>
</ModMetaData>