﻿<?xml version="1.0" encoding="utf-8" ?>
<Defs>

  <ThingDef ParentName="MakeableDrugBase">
    <defName>GodSpeed</defName>
    <label>God-Speed</label>
    <description>A extremely powerful speed-enhancing ascendant drug. God-Speed provides god-like speed and manipulation, blocks pain, provides extreme pleasure, and improves the user's melee and shooting abilities.</description>
    <descriptionHyperlinks>
      <HediffDef>GodSpeedHigh</HediffDef>
      <HediffDef>GodSpeedAddiction</HediffDef>
    </descriptionHyperlinks>
    <graphicData>
      <texPath>Things/Item/Drug/GoJuice</texPath>
      <graphicClass>Graphic_StackCount</graphicClass>
    </graphicData>
    <rotatable>false</rotatable>
    <statBases>
      <WorkToMake>600</WorkToMake>
      <MarketValue>7229</MarketValue>
      <Mass>0.1</Mass>
    </statBases>
    <techLevel>Industrial</techLevel>
    <ingestible>
      <joyKind>Chemical</joyKind>
      <joy>0.70</joy>
      <drugCategory>Hard</drugCategory>
      <foodType>Processed, Fluid</foodType>
      <baseIngestTicks>80</baseIngestTicks>
      <ingestSound>Ingest_Inject</ingestSound>
      <ingestHoldOffsetStanding>
        <northDefault>
          <offset>(0.18,0,0)</offset>
        </northDefault>
      </ingestHoldOffsetStanding>
      <ingestCommandString>Inject {0}</ingestCommandString>
      <ingestReportString>Injecting {0}.</ingestReportString>
      <useEatingSpeedStat>false</useEatingSpeedStat>
      <chairSearchRadius>0</chairSearchRadius>
      <outcomeDoers>
        <li Class="IngestionOutcomeDoer_GiveHediff">
          <hediffDef>GodSpeedHigh</hediffDef>
          <severity>0.5</severity>
          <toleranceChemical>GodSpeed</toleranceChemical>
        </li>
        <li Class="IngestionOutcomeDoer_OffsetNeed">
          <need>Rest</need>
          <offset>0.4</offset>
          <toleranceChemical>GodSpeed</toleranceChemical>
        </li>
        <li Class="IngestionOutcomeDoer_OffsetPsyfocus">
          <offset>0.15</offset>
        </li>
      </outcomeDoers>
    </ingestible>
    <recipeMaker>
      <researchPrerequisite>GodSpeedProduction</researchPrerequisite>
      <recipeUsers>
        <li>DrugLab</li>
      </recipeUsers>
      <soundWorking>Recipe_Drug</soundWorking>
    </recipeMaker>
    <costList>
	  <GoldenPillTI>1</GoldenPillTI>
      <GoJuice>10</GoJuice>
    </costList>
    <comps>
      <li Class="CompProperties_Drug">
        <chemical>GodSpeed</chemical>
        <addictiveness>0.03</addictiveness>
        <existingAddictionSeverityOffset>0.20</existingAddictionSeverityOffset>
        <needLevelOffset>0.9</needLevelOffset>
        <isCombatEnhancingDrug>true</isCombatEnhancingDrug>
        <listOrder>200</listOrder>
        <overdoseSeverityOffset>0.18~0.35</overdoseSeverityOffset>
        <largeOverdoseChance>0.003</largeOverdoseChance>
      </li>
    </comps>
  </ThingDef>
  
  <HediffDef>
    <defName>GodSpeedHigh</defName>
    <hediffClass>Hediff_High</hediffClass>
    <label>high on God-Speed</label>
    <labelNoun>a God-Speed high</labelNoun>
    <description>God-Speed in the bloodstream. It provides god-like speed and manipulation, supercharges combat-related abilities, and instantly increases psyfocus when first injected.</description>
    <defaultLabelColor>(1,0,0.5)</defaultLabelColor>
    <scenarioCanAdd>true</scenarioCanAdd>
    <maxSeverity>1.0</maxSeverity>
    <isBad>false</isBad>
    <comps>
      <li Class="HediffCompProperties_SeverityPerDay">
        <severityPerDay>-0.75</severityPerDay>
        <showHoursToRecover>true</showHoursToRecover>
      </li>
    </comps>
      <stages>
        <li>
          <painFactor>0.1</painFactor>
          <capMods>
            <li>
              <capacity>Consciousness</capacity>
              <offset>0.77</offset>
            </li>
            <li>
              <capacity>Sight</capacity>
              <offset>0.77</offset>
            </li>
            <li>
              <capacity>Moving</capacity>
              <offset>7.77</offset>
            </li>
			<li>
              <capacity>Manipulation</capacity>
              <offset>7.77</offset>
            </li>
          </capMods>
        </li>
      </stages>
  </HediffDef>
  
  <ThoughtDef>
    <defName>GodSpeedHigh</defName>
    <workerClass>ThoughtWorker_Hediff</workerClass>
    <hediff>GodSpeedHigh</hediff>
    <validWhileDespawned>true</validWhileDespawned>
    <stages>
      <li>
        <label>high on God-Speed</label>
        <description>I HAVE THE SPEED OF A GOD, FEAR MY SUPERIOR VELOCITY! </description>
        <baseMoodEffect>77</baseMoodEffect>
      </li>
    </stages>
  </ThoughtDef>
  
  <!-- Go-juice addiction -->

  <ChemicalDef>
    <defName>GodSpeed</defName>
    <label>God-Speed</label>
    <addictionHediff>GodSpeedAddiction</addictionHediff>
  </ChemicalDef>
  
  <NeedDef ParentName="DrugAddictionNeedBase">
    <defName>Chemical_GodSpeed</defName>
    <needClass>Need_Chemical</needClass>
    <label>God-Speed</label>
    <description>Because of a God-Speed addiction, this person needs to regularly consume the drug to avoid withdrawal symptoms.</description>
    <fallPerDay>0.333</fallPerDay>
    <listPriority>45</listPriority>
  </NeedDef>

  <HediffDef ParentName="AddictionBase">
    <defName>GodSpeedAddiction</defName>
    <label>God-Speed addiction</label>
    <description>A chemical addiction to God-Speed. Long-term presence of God-Speed has caused neurological adaptations at the cellular level, so the brain can no longer function properly without the drug.
\nWithout regular doses of GodSpeed, withdrawal symptoms will begin. However, extended abstinence will force the brain to adapt back to its normal state, resolving the addiction.</description>
    <hediffClass>Hediff_Addiction</hediffClass>
    <causesNeed>Chemical_GoJuice</causesNeed>
    <comps>
      <li Class="HediffCompProperties_SeverityPerDay">
        <severityPerDay>-0.045</severityPerDay>
        <showDaysToRecover>true</showDaysToRecover>
      </li>
    </comps>
    <stages>
      <li>
      </li>
      <li>
        <label>withdrawal</label>
        <painFactor>3</painFactor>
        <restFallFactorOffset>0.3</restFallFactorOffset>
        <hungerRateFactorOffset>0.5</hungerRateFactorOffset>
        <capMods>
          <li>
            <capacity>Consciousness</capacity>
            <offset>-0.20</offset>
          </li>
          <li>
            <capacity>Moving</capacity>
            <offset>-0.8</offset>
          </li>
          <li>
            <capacity>Sight</capacity>
            <offset>-0.20</offset>
          </li>
          <li>
            <capacity>BloodPumping</capacity>
            <offset>-0.20</offset>
          </li>
          <li>
            <capacity>Manipulation</capacity>
            <offset>-0.8</offset>
          </li>
        </capMods>
        <mentalStateGivers>
          <li>
            <mentalState>Binging_DrugExtreme</mentalState>
            <mtbDays>40</mtbDays>
          </li>
          <li>
            <mentalState>Wander_Psychotic</mentalState>
            <mtbDays>10</mtbDays>
          </li>
        </mentalStateGivers>
      </li>
    </stages>
  </HediffDef>
  
  <ThoughtDef>
    <defName>GodSpeedWithdrawal</defName>
    <workerClass>ThoughtWorker_Hediff</workerClass>
    <hediff>GodSpeedAddiction</hediff>
    <validWhileDespawned>true</validWhileDespawned>
    <stages>
      <li>
        <visible>false</visible>
      </li>
      <li>
        <label>God-Speed withdrawal</label>
        <description>I'm all fuzzy and can't think straight. My limbs feel heavy, I'm tired and hungry, everything hurts. And why won't my eyes focus properly?</description>
        <baseMoodEffect>-44</baseMoodEffect>
      </li>
    </stages>
  </ThoughtDef>

  <HediffDef ParentName="DrugToleranceBase">
    <defName>GodSpeedTolerance</defName>
    <label>God-Speed tolerance</label>
    <description>A built-up tolerance to God-Speed. The more severe this tolerance is, the more God-Speed it takes to get the same effect.</description>
    <comps>
      <li Class="HediffCompProperties_SeverityPerDay">
        <severityPerDay>-0.015</severityPerDay>
      </li>
      <li Class="HediffCompProperties_DrugEffectFactor">
        <chemical>GoJuice</chemical>
      </li>
    </comps>
    <hediffGivers>
      <li Class="HediffGiver_RandomDrugEffect">
        <hediff>ChemicalDamageModerate</hediff>
        <severityToMtbDaysCurve>
          <points>
            <li>(0.45, 99999)</li>
            <li>(0.5, 120)</li>
            <li>(1, 90)</li>
          </points>
        </severityToMtbDaysCurve>
        <partsToAffect>
          <li>Brain</li>
        </partsToAffect>
      </li>
    </hediffGivers>
  </HediffDef>

</Defs>